ly,"My Life Is In You, Lord - with lyrics"">"
hi,"Maston Ka Jhund - Bhaag Milkha Bhaag | Farhan Akhtar | Shankar Ehsaan Loy"">"
hi,"Maston Ka Jhund - Bhaag Milkha Bhaag | Farhan Akhtar | Shankar Ehsaan Loy"">"
ly,"My Life Is In You, Lord - with lyrics"">"
ly,"Party On My Mind Video Song - Race 2 I Saif, Deepika Padukone, John Abraham, Jacqueline"">"
yo,"Maroon 5, Cardi B - Girls Like You (Lyrics)"">"
he,"Dostana - Desi Girl Video | Priyanka Chopra, Abhishek, John"">"
31 o,"Joe Jonas - It&#39;s Party Time (Kraken Song) | Hotel Transylvania 3"">"
280 o,"Dance Party - Eddy Grant"">"
"14,104 ","Rihanna - we found love ft. Calvin Harris LYRICS"">"
"6,779,489","LMFAO - Party Rock Anthem ft. Lauren Bennett, GoonRock"">"
"2,540,365","Pitbull - Rain Over Me ft. Marc Anthony"">"
hi,"Maston Ka Jhund - Bhaag Milkha Bhaag | Farhan Akhtar | Shankar Ehsaan Loy"">"
hi,"Maston Ka Jhund - Bhaag Milkha Bhaag | Farhan Akhtar | Shankar Ehsaan Loy"">"
ly,"My Life Is In You, Lord - with lyrics"">"
ly,"Party On My Mind Video Song - Race 2 I Saif, Deepika Padukone, John Abraham, Jacqueline"">"
yo,"Maroon 5, Cardi B - Girls Like You (Lyrics)"">"
he,"Dostana - Desi Girl Video | Priyanka Chopra, Abhishek, John"">"
31 o,"Joe Jonas - It&#39;s Party Time (Kraken Song) | Hotel Transylvania 3"">"
280 o,"Dance Party - Eddy Grant"">"
"14,104 ","Rihanna - we found love ft. Calvin Harris LYRICS"">"
"6,779,558","LMFAO - Party Rock Anthem ft. Lauren Bennett, GoonRock"">"
"2,540,412","Pitbull - Rain Over Me ft. Marc Anthony"">"
hi,"Maston Ka Jhund - Bhaag Milkha Bhaag | Farhan Akhtar | Shankar Ehsaan Loy"">"
hi,"Maston Ka Jhund - Bhaag Milkha Bhaag | Farhan Akhtar | Shankar Ehsaan Loy"">"
ly,"My Life Is In You, Lord - with lyrics"">"
ly,"Party On My Mind Video Song - Race 2 I Saif, Deepika Padukone, John Abraham, Jacqueline"">"
yo,"Maroon 5, Cardi B - Girls Like You (Lyrics)"">"
he,"Dostana - Desi Girl Video | Priyanka Chopra, Abhishek, John"">"
31 o,"Joe Jonas - It&#39;s Party Time (Kraken Song) | Hotel Transylvania 3"">"
280 o,"Dance Party - Eddy Grant"">"
"14,104 ","Rihanna - we found love ft. Calvin Harris LYRICS"">"
"6,779,592","LMFAO - Party Rock Anthem ft. Lauren Bennett, GoonRock"">"
"2,540,426","Pitbull - Rain Over Me ft. Marc Anthony"">"
